Sample,units,config,C3pre,C4pre,C5pre,C6pre,C7pre,C8pre,C3post,C4post,C5post,C6post,C7post,C8post,PFOS,C3MDL,C4MDL,C5MDL,C6MDL,C7MDL,C8MDL,PFOSMDL,C3err,C4err,C5err,C6err,C7err,C8err,PFOSerr
MA-FSW  722-M02-01PT,nM,AFFF_impacted_targeted.yaml,0.057887324,0.02,0.015910543,0.01214876,0.033244552,0.008423326,0.057887324,0.026235741,0.03884984,0.01214876,0.033244552,0.008466523,0.144549098,0.057887324,0.022661597,0.034472843,0.005922865,0.003292978,0.001641469,0.003887776,0.1,0.1,0.1,0.1,0.1,0.1,0.1
MA-FSW  722-M02-03RT,nM,AFFF_impacted_targeted.yaml,0.057887324,0.022661597,0.001980831,0.001983471,0.0068523,0.002786177,0.057887324,0.022661597,0.001980831,0.001983471,0.008014528,0.00300216,0.104729459,0.057887324,0.022661597,0.034472843,0.005922865,0.003292978,0.001641469,0.003887776,0.1,0.1,0.1,0.1,0.1,0.1,0.1
MA-FSW  722-M02-05BKT,nM,AFFF_impacted_targeted.yaml,0.057887324,0.007794677,0.012172524,0.010964187,0.040581114,0.007688985,0.057887324,0.007794677,0.03686901,0.011294766,0.041549637,0.00812095,0.075611222,0.057887324,0.022661597,0.034472843,0.005922865,0.003292978,0.001641469,0.003887776,0.1,0.1,0.1,0.1,0.1,0.1,0.1
MA-FSW  722-M01-01PT,nM,AFFF_impacted_targeted.yaml,0.057887324,0.022661597,0.034472843,0.001101928,0.006271186,0.003736501,0.057887324,0.022661597,0.034472843,0.001101928,0.007312349,0.004146868,0.105310621,0.057887324,0.022661597,0.034472843,0.005922865,0.003292978,0.001641469,0.003887776,0.1,0.1,0.1,0.1,0.1,0.1,0.1
MA-FSW  722-M01-06WT,nM,AFFF_impacted_targeted.yaml,0.013051643,0.006996198,0.003833866,0.002396694,0.013196126,0.003261339,0.013051643,0.006996198,0.003833866,0.002396694,0.014309927,0.003261339,0.116252505,0.057887324,0.022661597,0.034472843,0.005922865,0.003292978,0.001641469,0.003887776,0.1,0.1,0.1,0.1,0.1,0.1,0.1
MA-FSW  722-M01-08GY,nM,AFFF_impacted_targeted.yaml,0.016384977,0.045893536,0.053801917,0.01584022,0.037723971,0.006328294,0.041643192,0.060114068,0.096549521,0.01584022,0.040677966,0.006522678,0.091342685,0.057887324,0.022661597,0.034472843,0.005922865,0.003292978,0.001641469,0.003887776,0.1,0.1,0.1,0.1,0.1,0.1,0.1
MA-FSW  722-M01-11GN,nM,AFFF_impacted_targeted.yaml,0.057887324,0.022661597,0.002619808,0.004738292,0.013389831,0.003110151,0.057887324,0.022661597,0.002619808,0.004738292,0.014600484,0.003110151,0.061663327,0.057887324,0.022661597,0.034472843,0.005922865,0.003292978,0.001641469,0.003887776,0.1,0.1,0.1,0.1,0.1,0.1,0.1
MA-FSW  722-M01-15W,nM,AFFF_impacted_targeted.yaml,0.051596244,0.143992395,0.125399361,0.04677686,0.070750605,0.01,0.069389671,0.166425856,0.161821086,0.04677686,0.076004843,0.011015119,0.098196393,0.057887324,0.022661597,0.034472843,0.005922865,0.003292978,0.001641469,0.003887776,0.1,0.1,0.1,0.1,0.1,0.1,0.1
MA-FSW  722-M01-02GNT,nM,AFFF_impacted_targeted.yaml,0.074788732,0.472015209,0.430990415,0.135013774,0.588256659,0.066328294,0.078356808,0.48391635,0.480063898,0.1415427,0.588256659,0.066328294,0.153206413,0.057887324,0.022661597,0.034472843,0.005922865,0.003292978,0.001641469,0.003887776,0.1,0.1,0.1,0.1,0.1,0.1,0.1
MA-FSW  722-M01-08GY,nM,AFFF_impacted_targeted.yaml,0.059061033,0.241939163,0.297699681,0.136831956,0.326973366,0.02937365,0.075539906,0.250076046,0.358817891,0.143002755,0.339975787,0.029805616,0.127174349,0.057887324,0.022661597,0.034472843,0.005922865,0.003292978,0.001641469,0.003887776,0.1,0.1,0.1,0.1,0.1,0.1,0.1
MA-FSW  722-M01-09Y,nM,AFFF_impacted_targeted.yaml,0.052816901,0.212585551,0.265239617,0.12768595,0.313535109,0.028790497,0.064084507,0.221254753,0.312971246,0.12768595,0.31622276,0.028790497,0.121743487,0.057887324,0.022661597,0.034472843,0.005922865,0.003292978,0.001641469,0.003887776,0.1,0.1,0.1,0.1,0.1,0.1,0.1
MA-FSW  722-M01-11GN,nM,AFFF_impacted_targeted.yaml,0.099765258,0.339277567,0.437476038,0.189173554,0.425496368,0.033650108,0.099765258,0.362129278,0.480159744,0.192258953,0.436513317,0.033650108,0.119539078,0.057887324,0.022661597,0.034472843,0.005922865,0.003292978,0.001641469,0.003887776,0.1,0.1,0.1,0.1,0.1,0.1,0.1
MA-FSW  722-M01-12R,nM,AFFF_impacted_targeted.yaml,0.061455399,0.225931559,0.28658147,0.129889807,0.299588378,0.023304536,0.061455399,0.235437262,0.35057508,0.129889807,0.299588378,0.023304536,0.09488978,0.057887324,0.022661597,0.034472843,0.005922865,0.003292978,0.001641469,0.003887776,0.1,0.1,0.1,0.1,0.1,0.1,0.1
MA-FSW  722-M02-01PT,nM,AFFF_impacted_targeted.yaml,0.203098592,0.301444867,0.39884984,0.180192837,0.342929782,0.018056156,0.203098592,0.302357414,0.399488818,0.181873278,0.352493947,0.018315335,0.259859719,0.057887324,0.022661597,0.034472843,0.005922865,0.003292978,0.001641469,0.003887776,0.1,0.1,0.1,0.1,0.1,0.1,0.1
MA-FSW  722-M02-05BKT,nM,AFFF_impacted_targeted.yaml,0.041455399,0.382243346,0.419840256,0.157823691,0.491525424,0.040259179,0.041455399,0.384714829,0.479392971,0.157823691,0.501815981,0.040259179,0.103126253,0.057887324,0.022661597,0.034472843,0.005922865,0.003292978,0.001641469,0.003887776,0.1,0.1,0.1,0.1,0.1,0.1,0.1
MA-FSW  722-M02-08GY,nM,AFFF_impacted_targeted.yaml,0.049201878,0.095285171,0.113897764,0.107465565,0.18590799,0.043542117,0.076713615,0.100304183,0.164536741,0.107465565,0.18590799,0.044082073,0.105531062,0.057887324,0.022661597,0.034472843,0.005922865,0.003292978,0.001641469,0.003887776,0.1,0.1,0.1,0.1,0.1,0.1,0.1
MA-FSW  722-M02-15W,nM,AFFF_impacted_targeted.yaml,0.017042254,0.022661597,0.034472843,0.0015427,0.006803874,0.001576674,0.017042254,0.022661597,0.034472843,0.0015427,0.007845036,0.001425486,0.113406814,0.057887324,0.022661597,0.034472843,0.005922865,0.003292978,0.001641469,0.003887776,0.1,0.1,0.1,0.1,0.1,0.1,0.1
MA-FSW  631-M01-01PT,nM,AFFF_impacted_targeted.yaml,0.094647887,0.352243346,0.395750799,0.110027548,0.175399516,0.047861771,0.191126761,0.384220532,0.476198083,0.116501377,0.185108959,0.049200864,0.557815631,0.057887324,0.022661597,0.034472843,0.005922865,0.003292978,0.001641469,0.003887776,0.1,0.1,0.1,0.1,0.1,0.1,0.1
MA-FSW  631-M01-02GNT,nM,AFFF_impacted_targeted.yaml,0.116995305,0.112889734,0.138338658,0.061763085,0.172276029,0.021684665,0.168779343,0.127186312,0.184313099,0.061763085,0.181210654,0.021857451,0.336773547,0.057887324,0.022661597,0.034472843,0.005922865,0.003292978,0.001641469,0.003887776,0.1,0.1,0.1,0.1,0.1,0.1,0.1
MA-FSW  631-M01-03RT,nM,AFFF_impacted_targeted.yaml,0.064600939,0.022661597,0.003610224,0.00231405,0.007263923,0.002548596,0.109061033,0.022661597,0.05658147,0.00231405,0.009079903,0.002548596,0.298537074,0.057887324,0.022661597,0.034472843,0.005922865,0.003292978,0.001641469,0.003887776,0.1,0.1,0.1,0.1,0.1,0.1,0.1
MA-FSW  631-M01-04BUT,nM,AFFF_impacted_targeted.yaml,0.057887324,0.009201521,0.014376997,0.021763085,0.047433414,0.007516199,0.086197183,0.009201521,0.058690096,0.021763085,0.048087167,0.007516199,0.227214429,0.057887324,0.022661597,0.034472843,0.005922865,0.003292978,0.001641469,0.003887776,0.1,0.1,0.1,0.1,0.1,0.1,0.1
MA-FSW  631-M01-06WT,nM,AFFF_impacted_targeted.yaml,0.057887324,0.022661597,0.034472843,0.005922865,0.002033898,0.001079914,0.057887324,0.022661597,0.035271565,0.005922865,0.003244552,0.001079914,0.072104208,0.057887324,0.022661597,0.034472843,0.005922865,0.003292978,0.001641469,0.003887776,0.1,0.1,0.1,0.1,0.1,0.1,0.1
MA-FSW  631-M01-09Y,nM,AFFF_impacted_targeted.yaml,0.057887324,0.022661597,0.034472843,0.003278237,0.012784504,0.002267819,0.057887324,0.022661597,0.034472843,0.003278237,0.019467312,0.002526998,0.09501002,0.057887324,0.022661597,0.034472843,0.005922865,0.003292978,0.001641469,0.003887776,0.1,0.1,0.1,0.1,0.1,0.1,0.1
MA-FSW  631-M01-12R,nM,AFFF_impacted_targeted.yaml,0.057887324,0.022661597,0.034472843,0.00214876,0.016610169,0.003110151,0.057887324,0.022661597,0.036261981,0.00214876,0.018813559,0.003110151,0.08250501,0.057887324,0.022661597,0.034472843,0.005922865,0.003292978,0.001641469,0.003887776,0.1,0.1,0.1,0.1,0.1,0.1,0.1
MA-FSW  631-M01-15W,nM,AFFF_impacted_targeted.yaml,0.051737089,0.167642586,0.14827476,0.05,0.103075061,0.01511879,0.108028169,0.178212928,0.211277955,0.05,0.105326877,0.01511879,0.143967936,0.057887324,0.022661597,0.034472843,0.005922865,0.003292978,0.001641469,0.003887776,0.1,0.1,0.1,0.1,0.1,0.1,0.1
MA-FSW  665-0089,nM,AFFF_impacted_targeted.yaml,0.057887324,0.011140684,0.011789137,0.010082645,0.03535109,0.004946004,0.057887324,0.011140684,0.049744409,0.010082645,0.03566586,0.004989201,0.115671343,0.057887324,0.022661597,0.034472843,0.005922865,0.003292978,0.001641469,0.003887776,0.1,0.1,0.1,0.1,0.1,0.1,0.1
MA-FSW  665-0139,nM,AFFF_impacted_targeted.yaml,0.057887324,0.010418251,0.007763578,0.006033058,0.017869249,0.004190065,0.057887324,0.010418251,0.055303514,0.006033058,0.01968523,0.004276458,0.074208417,0.057887324,0.022661597,0.034472843,0.005922865,0.003292978,0.001641469,0.003887776,0.1,0.1,0.1,0.1,0.1,0.1,0.1
MA-FSW  665-0264 (03MW1014B),nM,AFFF_impacted_targeted.yaml,0.034225352,0.099923954,0.104217252,0.037410468,0.071138015,0.056198704,0.034225352,0.099923954,0.141533546,0.037410468,0.071138015,0.056198704,0.113507014,0.057887324,0.022661597,0.034472843,0.005922865,0.003292978,0.001641469,0.003887776,0.1,0.1,0.1,0.1,0.1,0.1,0.1
MA-FSW  632-M01-02GNT,nM,AFFF_impacted_targeted.yaml,0.057887324,0.004030418,0.005335463,0.002396694,0.007748184,0.002591793,0.057887324,0.004030418,0.005335463,0.002396694,0.009757869,0.002634989,0.039178357,0.057887324,0.022661597,0.034472843,0.005922865,0.003292978,0.001641469,0.003887776,0.1,0.1,0.1,0.1,0.1,0.1,0.1
MA-FSW  632-M01-05BKT,nM,AFFF_impacted_targeted.yaml,0.100093897,0.212965779,0.28514377,0.110413223,0.194043584,0.020453564,0.123474178,0.225247148,0.323226837,0.110413223,0.194043584,0.022440605,0.157214429,0.057887324,0.022661597,0.034472843,0.005922865,0.003292978,0.001641469,0.003887776,0.1,0.1,0.1,0.1,0.1,0.1,0.1
FS-ASHPD-0001 (ECAMP02) Microlayer,nM,AFFF_impacted_targeted.yaml,0.027323944,0.058859316,0.076709265,0.032892562,0.079394673,0.007062635,0.06,0.085019011,0.157923323,0.040578512,0.092929782,0.007386609,0.152945892,0.057887324,0.022661597,0.034472843,0.005922865,0.003292978,0.001641469,0.003887776,0.1,0.1,0.1,0.1,0.1,0.1,0.1
FS-ASHPD-0001 (ECAMP02) 0.1m,nM,AFFF_impacted_targeted.yaml,0.027183099,0.056996198,0.07571885,0.032479339,0.073946731,0.006285097,0.056901408,0.085665399,0.153162939,0.039338843,0.09716707,0.007537797,0.108416834,0.057887324,0.022661597,0.034472843,0.005922865,0.003292978,0.001641469,0.003887776,0.1,0.1,0.1,0.1,0.1,0.1,0.1
FS-ASHPD-0001 (ECAMP02) 1.00m,nM,AFFF_impacted_targeted.yaml,0.02713615,0.057186312,0.077667732,0.03261708,0.074842615,0.006328294,0.056150235,0.084904943,0.149552716,0.04030303,0.091041162,0.006954644,0.106773547,0.057887324,0.022661597,0.034472843,0.005922865,0.003292978,0.001641469,0.003887776,0.1,0.1,0.1,0.1,0.1,0.1,0.1
FS-ASHPD-0001 (ECAMP02) 3.00m,nM,AFFF_impacted_targeted.yaml,0.025915493,0.056692015,0.074472843,0.03214876,0.074891041,0.005939525,0.06084507,0.086425856,0.15172524,0.039393939,0.094503632,0.007278618,0.102304609,0.057887324,0.022661597,0.034472843,0.005922865,0.003292978,0.001641469,0.003887776,0.1,0.1,0.1,0.1,0.1,0.1,0.1
FS-ASHPD-0001 (ECAMP02) 5.00m,nM,AFFF_impacted_targeted.yaml,0.026807512,0.05756654,0.074664537,0.031460055,0.074891041,0.006198704,0.026807512,0.088136882,0.15629393,0.041570248,0.091501211,0.007667387,0.114829659,0.057887324,0.022661597,0.034472843,0.005922865,0.003292978,0.001641469,0.003887776,0.1,0.1,0.1,0.1,0.1,0.1,0.1
FS-ASHPD-0001 (ECAMP02) 9.00m,nM,AFFF_impacted_targeted.yaml,0.030046948,0.0578327,0.074025559,0.032699725,0.073123487,0.006069114,0.06600939,0.083764259,0.147220447,0.037713499,0.093728814,0.007278618,0.107054108,0.057887324,0.022661597,0.034472843,0.005922865,0.003292978,0.001641469,0.003887776,0.1,0.1,0.1,0.1,0.1,0.1,0.1
FS-ASHPD-0001 (ECAMP02) 13.00m,nM,AFFF_impacted_targeted.yaml,0.019342723,0.050684411,0.062651757,0.026225895,0.056174334,0.005831533,0.019342723,0.077946768,0.13686901,0.035757576,0.071428571,0.008012959,0.081422846,0.057887324,0.022661597,0.034472843,0.005922865,0.003292978,0.001641469,0.003887776,0.1,0.1,0.1,0.1,0.1,0.1,0.1
FS-ASHPD-0001 (ECAMP02) 17.00m,nM,AFFF_impacted_targeted.yaml,0.02600939,0.050494297,0.064536741,0.027520661,0.054503632,0.006306695,0.02600939,0.077490494,0.130479233,0.033471074,0.069854722,0.006976242,0.084048096,0.057887324,0.022661597,0.034472843,0.005922865,0.003292978,0.001641469,0.003887776,0.1,0.1,0.1,0.1,0.1,0.1,0.1
FS-ASHPD-0001 (ECAMP02) Microlayer,nM,AFFF_impacted_targeted.yaml,0.030140845,0.056007605,0.07600639,0.03046832,0.076682809,0.007645788,0.108967136,0.084562738,0.202396166,0.037796143,0.089854722,0.00887689,0.174589178,0.057887324,0.022661597,0.034472843,0.005922865,0.003292978,0.001641469,0.003887776,0.1,0.1,0.1,0.1,0.1,0.1,0.1
FS-ASHPD-0001 (ECAMP02) 0.1m,nM,AFFF_impacted_targeted.yaml,0.025539906,0.056539924,0.073610224,0.032699725,0.076125908,0.006587473,0.025539906,0.079087452,0.151214058,0.036859504,0.087336562,0.006587473,0.108977956,0.057887324,0.022661597,0.034472843,0.005922865,0.003292978,0.001641469,0.003887776,0.1,0.1,0.1,0.1,0.1,0.1,0.1
FS-ASHPD-0001 (ECAMP02) 1.00m,nM,AFFF_impacted_targeted.yaml,0.035070423,0.057490494,0.075623003,0.03214876,0.075932203,0.006414687,0.035070423,0.074486692,0.149392971,0.033939394,0.082760291,0.006414687,0.103166333,0.057887324,0.022661597,0.034472843,0.005922865,0.003292978,0.001641469,0.003887776,0.1,0.1,0.1,0.1,0.1,0.1,0.1
FS-ASHPD-0001 (ECAMP02) 3.00m,nM,AFFF_impacted_targeted.yaml,0.027981221,0.0578327,0.074185304,0.030743802,0.07472155,0.006285097,0.027981221,0.0721673,0.152971246,0.038347107,0.084769976,0.006933045,0.107895792,0.057887324,0.022661597,0.034472843,0.005922865,0.003292978,0.001641469,0.003887776,0.1,0.1,0.1,0.1,0.1,0.1,0.1
FS-ASHPD-0001 (ECAMP02) 9.00m,nM,AFFF_impacted_targeted.yaml,0.027652582,0.055171103,0.070479233,0.031432507,0.071864407,0.006112311,0.027652582,0.078403042,0.155367412,0.035426997,0.084140436,0.006673866,0.099158317,0.057887324,0.022661597,0.034472843,0.005922865,0.003292978,0.001641469,0.003887776,0.1,0.1,0.1,0.1,0.1,0.1,0.1
FS-ASHPD-0001 (ECAMP02) 13.00m,nM,AFFF_impacted_targeted.yaml,0.03600939,0.059087452,0.074696486,0.031790634,0.075302663,0.006112311,0.03600939,0.078326996,0.143642173,0.033966942,0.082421308,0.007386609,0.104388778,0.057887324,0.022661597,0.034472843,0.005922865,0.003292978,0.001641469,0.003887776,0.1,0.1,0.1,0.1,0.1,0.1,0.1
FS-ASHPD-0001 (ECAMP02) 17.00m,nM,AFFF_impacted_targeted.yaml,0.029765258,0.052965779,0.065654952,0.026556474,0.057893462,0.00524838,0.029765258,0.069923954,0.150926518,0.031680441,0.070799031,0.006954644,0.085651303,0.057887324,0.022661597,0.034472843,0.005922865,0.003292978,0.001641469,0.003887776,0.1,0.1,0.1,0.1,0.1,0.1,0.1
FS-ASHPD-0010 Microlayer,nM,AFFF_impacted_targeted.yaml,0.02600939,0.052395437,0.067635783,0.031432507,0.068474576,0.005723542,0.02600939,0.079201521,0.140095847,0.039256198,0.087675545,0.007775378,0.104789579,0.057887324,0.022661597,0.034472843,0.005922865,0.003292978,0.001641469,0.003887776,0.1,0.1,0.1,0.1,0.1,0.1,0.1
FS-ASHPD-0011 Microlayer,nM,AFFF_impacted_targeted.yaml,0.040657277,0.063041825,0.082492013,0.03476584,0.080992736,0.006220302,0.040657277,0.080304183,0.132747604,0.035812672,0.080992736,0.006565875,0.098857715,0.057887324,0.022661597,0.034472843,0.005922865,0.003292978,0.001641469,0.003887776,0.1,0.1,0.1,0.1,0.1,0.1,0.1
FS-ASHPD-0009 (ECAMP01) Microlayer,nM,AFFF_impacted_targeted.yaml,0.036995305,0.057338403,0.074824281,0.031322314,0.076900726,0.008423326,0.036995305,0.081787072,0.156485623,0.036831956,0.095423729,0.010863931,0.185290581,0.057887324,0.022661597,0.034472843,0.005922865,0.003292978,0.001641469,0.003887776,0.1,0.1,0.1,0.1,0.1,0.1,0.1
FS-ASHPD-0009 (ECAMP01) 0.1m,nM,AFFF_impacted_targeted.yaml,0.03399061,0.057528517,0.073162939,0.031818182,0.073099274,0.006112311,0.03399061,0.079885932,0.138881789,0.035151515,0.083946731,0.006781857,0.103446894,0.057887324,0.022661597,0.034472843,0.005922865,0.003292978,0.001641469,0.003887776,0.1,0.1,0.1,0.1,0.1,0.1,0.1
FS-ASHPD-0009 (ECAMP01) 3.00 m,nM,AFFF_impacted_targeted.yaml,0.029107981,0.056197719,0.072971246,0.029311295,0.07496368,0.005831533,0.029107981,0.07878327,0.137444089,0.036391185,0.084576271,0.006414687,0.104068136,0.057887324,0.022661597,0.034472843,0.005922865,0.003292978,0.001641469,0.003887776,0.1,0.1,0.1,0.1,0.1,0.1,0.1
FS-ASHPD-0009 (ECAMP01) 5.00 m,nM,AFFF_impacted_targeted.yaml,0.030657277,0.057072243,0.070990415,0.030413223,0.07283293,0.006306695,0.030657277,0.077528517,0.14715655,0.034269972,0.083849879,0.006760259,0.103086172,0.057887324,0.022661597,0.034472843,0.005922865,0.003292978,0.001641469,0.003887776,0.1,0.1,0.1,0.1,0.1,0.1,0.1
ASHPD-KIGAM-131N-011E-LW,nM,AFFF_impacted_targeted.yaml,0.062112676,0.107490494,0.15399361,0.06815427,0.210169492,0.015982721,0.117746479,0.148669202,0.28,0.068842975,0.210169492,0.015982721,0.369839679,0.057887324,0.022661597,0.034472843,0.005922865,0.003292978,0.001641469,0.003887776,0.1,0.1,0.1,0.1,0.1,0.1,0.1
ASHPD-KIGAM-131N-011E-015,nM,AFFF_impacted_targeted.yaml,0.056525822,0.079353612,0.073610224,0.063526171,0.135544794,0.046587473,0.06286385,0.110228137,0.160830671,0.063526171,0.135835351,0.047948164,0.363146293,0.057887324,0.022661597,0.034472843,0.005922865,0.003292978,0.001641469,0.003887776,0.1,0.1,0.1,0.1,0.1,0.1,0.1
ASHPD-KIGAM-131N-011E-030,nM,AFFF_impacted_targeted.yaml,0.050704225,0.079581749,0.07514377,0.063801653,0.126779661,0.049568035,0.063615023,0.115627376,0.162332268,0.065977961,0.132615012,0.049568035,0.352865731,0.057887324,0.022661597,0.034472843,0.005922865,0.003292978,0.001641469,0.003887776,0.1,0.1,0.1,0.1,0.1,0.1,0.1
ASHPD-KIGAM-131N-011E-050,nM,AFFF_impacted_targeted.yaml,0.057558685,0.097604563,0.085303514,0.066584022,0.142808717,0.066393089,0.088215962,0.12338403,0.175846645,0.067190083,0.142808717,0.066393089,0.37511022,0.057887324,0.022661597,0.034472843,0.005922865,0.003292978,0.001641469,0.003887776,0.1,0.1,0.1,0.1,0.1,0.1,0.1
ASHPD-KIGAM-131N-011E-100,nM,AFFF_impacted_targeted.yaml,0.066760563,0.098365019,0.08485623,0.065757576,0.140460048,0.072786177,0.076995305,0.129353612,0.182076677,0.065757576,0.141089588,0.072786177,0.379779559,0.057887324,0.022661597,0.034472843,0.005922865,0.003292978,0.001641469,0.003887776,0.1,0.1,0.1,0.1,0.1,0.1,0.1
ASHPD-KIGAM-124N-010E-LW,nM,AFFF_impacted_targeted.yaml,0.033004695,0.093231939,0.134792332,0.054077135,0.15440678,0.012958963,0.158732394,0.147338403,0.278530351,0.061873278,0.168910412,0.016717063,0.319378758,0.057887324,0.022661597,0.034472843,0.005922865,0.003292978,0.001641469,0.003887776,0.1,0.1,0.1,0.1,0.1,0.1,0.1
ASHPD-KIGAM-124N-010E-015,nM,AFFF_impacted_targeted.yaml,0.05741784,0.107870722,0.104728435,0.059889807,0.12157385,0.055853132,0.113521127,0.172585551,0.290479233,0.076556474,0.156634383,0.070302376,0.474749499,0.057887324,0.022661597,0.034472843,0.005922865,0.003292978,0.001641469,0.003887776,0.1,0.1,0.1,0.1,0.1,0.1,0.1
ASHPD-KIGAM-124N-010E-030,nM,AFFF_impacted_targeted.yaml,0.051126761,0.087794677,0.08428115,0.049063361,0.099757869,0.063326134,0.136525822,0.138403042,0.243099042,0.057190083,0.1231477,0.082613391,0.430941884,0.057887324,0.022661597,0.034472843,0.005922865,0.003292978,0.001641469,0.003887776,0.1,0.1,0.1,0.1,0.1,0.1,0.1
ASHPD-KIGAM-124N-010E-050,nM,AFFF_impacted_targeted.yaml,0.067230047,0.103003802,0.100031949,0.056721763,0.120411622,0.078056156,0.118497653,0.170494297,0.270638978,0.070853994,0.146755448,0.088423326,0.473046092,0.057887324,0.022661597,0.034472843,0.005922865,0.003292978,0.001641469,0.003887776,0.1,0.1,0.1,0.1,0.1,0.1,0.1
ASHPD-KIGAM-124N-010E-100,nM,AFFF_impacted_targeted.yaml,0.099483568,0.162775665,0.167444089,0.100358127,0.205205811,0.152742981,0.147887324,0.225019011,0.36,0.103333333,0.219297821,0.152742981,0.655671343,0.057887324,0.022661597,0.034472843,0.005922865,0.003292978,0.001641469,0.003887776,0.1,0.1,0.1,0.1,0.1,0.1,0.1
ASHPD-GWOUT-L-N-LW,nM,AFFF_impacted_targeted.yaml,0.037605634,0.060114068,0.07884984,0.035730028,0.08157385,0.006825054,0.064131455,0.083878327,0.151948882,0.040165289,0.088765133,0.006825054,0.124028056,0.057887324,0.022661597,0.034472843,0.005922865,0.003292978,0.001641469,0.003887776,0.1,0.1,0.1,0.1,0.1,0.1,0.1
ASHPD-GWOUT-L-N-015,nM,AFFF_impacted_targeted.yaml,0.052253521,0.090228137,0.114153355,0.047933884,0.10566586,0.009028078,0.064413146,0.106539924,0.171948882,0.052975207,0.114116223,0.009136069,0.13004008,0.057887324,0.022661597,0.034472843,0.005922865,0.003292978,0.001641469,0.003887776,0.1,0.1,0.1,0.1,0.1,0.1,0.1
ASHPD-GWOUT-L-N-030,nM,AFFF_impacted_targeted.yaml,0.066338028,0.05973384,0.072428115,0.036363636,0.095326877,0.009762419,0.077605634,0.064448669,0.116517572,0.03768595,0.099128329,0.010302376,0.135671343,0.057887324,0.022661597,0.034472843,0.005922865,0.003292978,0.001641469,0.003887776,0.1,0.1,0.1,0.1,0.1,0.1,0.1
ASHPD-GWOUT-L-N-050,nM,AFFF_impacted_targeted.yaml,0.028450704,0.007376426,0.008690096,0.006942149,0.031355932,0.005356371,0.028450704,0.007376426,0.049105431,0.006942149,0.035762712,0.005939525,0.1098998,0.057887324,0.022661597,0.034472843,0.005922865,0.003292978,0.001641469,0.003887776,0.1,0.1,0.1,0.1,0.1,0.1,0.1
ASHPD-GWOUT-L-N-100,nM,AFFF_impacted_targeted.yaml,0.057887324,0.003878327,0.002332268,0.00137741,0.003898305,0.000885529,0.057887324,0.003878327,0.036900958,0.00137741,0.006416465,0.000885529,0.086432866,0.057887324,0.022661597,0.034472843,0.005922865,0.003292978,0.001641469,0.003887776,0.1,0.1,0.1,0.1,0.1,0.1,0.1
ASHPD-GWOUT-R-S-015,nM,AFFF_impacted_targeted.yaml,0.050046948,0.084220532,0.106070288,0.047134986,0.100435835,0.011792657,0.058215962,0.092281369,0.171948882,0.047134986,0.105302663,0.012073434,0.250701403,0.057887324,0.022661597,0.034472843,0.005922865,0.003292978,0.001641469,0.003887776,0.1,0.1,0.1,0.1,0.1,0.1,0.1
ASHPD-GWOUT-R-S-100,nM,AFFF_impacted_targeted.yaml,0.04,0.059847909,0.108210863,0.057575758,0.106610169,0.010863931,0.04,0.068897338,0.159041534,0.057575758,0.108813559,0.011036717,0.150480962,0.057887324,0.022661597,0.034472843,0.005922865,0.003292978,0.001641469,0.003887776,0.1,0.1,0.1,0.1,0.1,0.1,0.1
ASHPD-GWOUT-R-N-LW,nM,AFFF_impacted_targeted.yaml,0.023943662,0.06095057,0.078913738,0.034628099,0.078837772,0.006479482,0.064225352,0.085437262,0.143929712,0.036363636,0.083922518,0.007451404,0.106012024,0.057887324,0.022661597,0.034472843,0.005922865,0.003292978,0.001641469,0.003887776,0.1,0.1,0.1,0.1,0.1,0.1,0.1
ASHPD-GWOUT-R-N-015,nM,AFFF_impacted_targeted.yaml,0.034600939,0.086273764,0.103354633,0.042011019,0.093995157,0.008704104,0.034600939,0.101330798,0.142715655,0.043195592,0.093995157,0.009892009,0.115931864,0.057887324,0.022661597,0.034472843,0.005922865,0.003292978,0.001641469,0.003887776,0.1,0.1,0.1,0.1,0.1,0.1,0.1
ASHPD-GWOUT-R-N-030,nM,AFFF_impacted_targeted.yaml,0.130187793,0.294942966,0.319329073,0.118898072,0.223970944,0.015140389,0.130187793,0.331178707,0.392172524,0.123829201,0.240435835,0.015917927,0.11248497,0.057887324,0.022661597,0.034472843,0.005922865,0.003292978,0.001641469,0.003887776,0.1,0.1,0.1,0.1,0.1,0.1,0.1
ASHPD-GWOUT-R-N-050,nM,AFFF_impacted_targeted.yaml,0.051173709,0.076159696,0.077923323,0.038347107,0.087360775,0.007213823,0.066150235,0.092053232,0.130095847,0.043415978,0.096440678,0.008012959,0.105811623,0.057887324,0.022661597,0.034472843,0.005922865,0.003292978,0.001641469,0.003887776,0.1,0.1,0.1,0.1,0.1,0.1,0.1
ASHPD-GWOUT-R-N-100,nM,AFFF_impacted_targeted.yaml,0.01342723,0.022661597,0.034472843,0.005922865,0.002857143,0.000669546,0.01342723,0.023460076,0.051022364,0.005922865,0.00472155,0.000669546,0.098116232,0.057887324,0.022661597,0.034472843,0.005922865,0.003292978,0.001641469,0.003887776,0.1,0.1,0.1,0.1,0.1,0.1,0.1
ASHPD-GWOUT-R-N-LW,nM,AFFF_impacted_targeted.yaml,0.034788732,0.052015209,0.079265176,0.033168044,0.088595642,0.00699784,0.034788732,0.07608365,0.124792332,0.033168044,0.088595642,0.00699784,0.133066132,0.057887324,0.022661597,0.034472843,0.005922865,0.003292978,0.001641469,0.003887776,0.1,0.1,0.1,0.1,0.1,0.1,0.1
ASHPD-GWOUT-R-N-100,nM,AFFF_impacted_targeted.yaml,0.057887324,0.01095057,0.007028754,0.004352617,0.015811138,0.001771058,0.057887324,0.01095057,0.007028754,0.004352617,0.015811138,0.002051836,0.070200401,0.057887324,0.022661597,0.034472843,0.005922865,0.003292978,0.001641469,0.003887776,0.1,0.1,0.1,0.1,0.1,0.1,0.1